{"cameraMode":{"drawMode":0,"name":"Shaded","section":"Shading Mode"},"sceneLighting":true,"audioPlay":false,"sceneViewState":{"showFog":true,"showMaterialUpdate":true,"showSkybox":true,"showFlares":true,"showImageEffects":true,"showParticleSystems":true},"in2DMode":false,"pivot":{"x":-0.9009604454040527,"y":-1.1653690338134766,"z":-48.838138580322269},"rotation":{"x":-0.3243875205516815,"y":-0.0039415485225617889,"z":0.0013551645679399372,"w":-0.945915162563324},"size":10.666369438171387,"orthographic":false}